Steps,Policy/Entropy,Environment/Episode Length,Policy/Extrinsic Value Estimate,Policy/Curiosity Value Estimate,Environment/Cumulative Reward,Policy/Extrinsic Reward,Policy/Curiosity Reward,Is Training
3120000,1.3552552,240.36666666666667,0.4965587,0.3013887,-23.133167574057975,-23.133167574057975,0.0,1.0
3140000,1.3997921,436.5,0.392552,0.29546273,-38.569532239654414,-38.569532239654414,0.5158998239785433,1.0
