Steps,Policy/Entropy,Environment/Episode Length,Policy/Extrinsic Value Estimate,Policy/Curiosity Value Estimate,Environment/Cumulative Reward,Policy/Extrinsic Reward,Policy/Curiosity Reward,Is Training
20000,1.4189383,510.42105263157896,0.6116254,1.8550174,-7.099474141031112,-7.099474141031112,0.0,1.0
40000,1.420485,515.3157894736842,0.8502691,1.0501792,-8.95472433930263,-8.95472433930263,299.92654621365824,1.0
