Steps,Policy/Entropy,Environment/Episode Length,Policy/Extrinsic Value Estimate,Policy/Curiosity Value Estimate,Environment/Cumulative Reward,Policy/Extrinsic Reward,Policy/Curiosity Reward,Is Training
20000,1.4189383,953.5714285714286,-3.7331033,0.8739007,-9.676400665054098,-9.676400665054098,0.0,1.0
40000,1.4188435,907.3809523809524,-3.2629511,0.6655645,-9.942238707982359,-9.942238707982359,450.33659560339794,1.0
60000,1.4166175,907.9047619047619,-3.319596,3.340426,-19.09592979906925,-19.09592979906925,252.41437639225097,1.0
80000,1.4148567,795.9583333333334,-3.4105906,4.62338,-18.66800117463572,-18.66800117463572,137.9126977150639,1.0
